grid_id,lon,lat
1,97.182526,5.599943
2,97.408806,5.599943
3,97.635086,5.599943
4,97.861359,5.599943
5,98.087639,5.599943
6,98.313911,5.599943
7,98.540192,5.599943
8,98.766464,5.599943
9,98.992744,5.599943
10,99.219017,5.599943
11,99.445297,5.599943
12,99.671577,5.599943
13,99.89785,5.599943
14,100.12413,5.599943
15,100.350403,5.599943
16,100.576683,5.599943
17,100.802956,5.599943
18,101.029236,5.599943
19,101.255516,5.599943
20,101.481789,5.599943
21,101.708069,5.599943
22,101.934341,5.599943
23,102.160622,5.599943
24,102.386894,5.599943
25,102.613174,5.599943
26,102.839447,5.599943
27,103.065727,5.599943
28,103.292007,5.599943
29,103.51828,5.599943
30,103.74456,5.599943
31,103.970833,5.599943
32,104.197113,5.599943
33,104.423386,5.599943
34,104.649666,5.599943
35,104.875938,5.599943
36,105.102219,5.599943
37,105.328499,5.599943
38,105.554771,5.599943
39,105.781052,5.599943
40,97.182526,5.825096
41,97.408806,5.825096
42,97.635086,5.825096
43,97.861359,5.825096
44,98.087639,5.825096
45,98.313911,5.825096
46,98.540192,5.825096
47,98.766464,5.825096
48,98.992744,5.825096
49,99.219017,5.825096
50,99.445297,5.825096
51,99.671577,5.825096
52,99.89785,5.825096
53,100.12413,5.825096
54,100.350403,5.825096
55,100.576683,5.825096
56,100.802956,5.825096
57,101.029236,5.825096
58,101.255516,5.825096
59,101.481789,5.825096
60,101.708069,5.825096
61,101.934341,5.825096
62,102.160622,5.825096
63,102.386894,5.825096
64,102.613174,5.825096
65,102.839447,5.825096
66,103.065727,5.825096
67,103.292007,5.825096
68,103.51828,5.825096
69,103.74456,5.825096
70,103.970833,5.825096
71,104.197113,5.825096
72,104.423386,5.825096
73,104.649666,5.825096
74,104.875938,5.825096
75,105.102219,5.825096
76,105.328499,5.825096
77,105.554771,5.825096
78,105.781052,5.825096
79,97.182526,6.050159
80,97.408806,6.050159
81,97.635086,6.050159
82,97.861359,6.050159
83,98.087639,6.050159
84,98.313911,6.050159
85,98.540192,6.050159
86,98.766464,6.050159
87,98.992744,6.050159
88,99.219017,6.050159
89,99.445297,6.050159
90,99.671577,6.050159
91,99.89785,6.050159
92,100.12413,6.050159
93,100.350403,6.050159
94,100.576683,6.050159
95,100.802956,6.050159
96,101.029236,6.050159
97,101.255516,6.050159
98,101.481789,6.050159
99,101.708069,6.050159
100,101.934341,6.050159
101,102.160622,6.050159
102,102.386894,6.050159
103,102.613174,6.050159
104,102.839447,6.050159
105,103.065727,6.050159
106,103.292007,6.050159
107,103.51828,6.050159
108,103.74456,6.050159
109,103.970833,6.050159
110,104.197113,6.050159
111,104.423386,6.050159
112,104.649666,6.050159
113,104.875938,6.050159
114,105.102219,6.050159
115,105.328499,6.050159
116,105.554771,6.050159
117,105.781052,6.050159
118,97.182526,6.275128
119,97.408806,6.275128
120,97.635086,6.275128
121,97.861359,6.275128
122,98.087639,6.275128
123,98.313911,6.275128
124,98.540192,6.275128
125,98.766464,6.275128
126,98.992744,6.275128
127,99.219017,6.275128
128,99.445297,6.275128
129,99.671577,6.275128
130,99.89785,6.275128
131,100.12413,6.275128
132,100.350403,6.275128
133,100.576683,6.275128
134,100.802956,6.275128
135,101.029236,6.275128
136,101.255516,6.275128
137,101.481789,6.275128
138,101.708069,6.275128
139,101.934341,6.275128
140,102.160622,6.275128
141,102.386894,6.275128
142,102.613174,6.275128
143,102.839447,6.275128
144,103.065727,6.275128
145,103.292007,6.275128
146,103.51828,6.275128
147,103.74456,6.275128
148,103.970833,6.275128
149,104.197113,6.275128
150,104.423386,6.275128
151,104.649666,6.275128
152,104.875938,6.275128
153,105.102219,6.275128
154,105.328499,6.275128
155,105.554771,6.275128
156,105.781052,6.275128
157,97.182526,6.5
158,97.408806,6.5
159,97.635086,6.5
160,97.861359,6.5
161,98.087639,6.5
162,98.313911,6.5
163,98.540192,6.5
164,98.766464,6.5
165,98.992744,6.5
166,99.219017,6.5
167,99.445297,6.5
168,99.671577,6.5
169,99.89785,6.5
170,100.12413,6.5
171,100.350403,6.5
172,100.576683,6.5
173,100.802956,6.5
174,101.029236,6.5
175,101.255516,6.5
176,101.481789,6.5
177,101.708069,6.5
178,101.934341,6.5
179,102.160622,6.5
180,102.386894,6.5
181,102.613174,6.5
182,102.839447,6.5
183,103.065727,6.5
184,103.292007,6.5
185,103.51828,6.5
186,103.74456,6.5
187,103.970833,6.5
188,104.197113,6.5
189,104.423386,6.5
190,104.649666,6.5
191,104.875938,6.5
192,105.102219,6.5
193,105.328499,6.5
194,105.554771,6.5
195,105.781052,6.5
196,97.182526,6.724771
197,97.408806,6.724771
198,97.635086,6.724771
199,97.861359,6.724771
200,98.087639,6.724771
201,98.313911,6.724771
202,98.540192,6.724771
203,98.766464,6.724771
204,98.992744,6.724771
205,99.219017,6.724771
206,99.445297,6.724771
207,99.671577,6.724771
208,99.89785,6.724771
209,100.12413,6.724771
210,100.350403,6.724771
211,100.576683,6.724771
212,100.802956,6.724771
213,101.029236,6.724771
214,101.255516,6.724771
215,101.481789,6.724771
216,101.708069,6.724771
217,101.934341,6.724771
218,102.160622,6.724771
219,102.386894,6.724771
220,102.613174,6.724771
221,102.839447,6.724771
222,103.065727,6.724771
223,103.292007,6.724771
224,103.51828,6.724771
225,103.74456,6.724771
226,103.970833,6.724771
227,104.197113,6.724771
228,104.423386,6.724771
229,104.649666,6.724771
230,104.875938,6.724771
231,105.102219,6.724771
232,105.328499,6.724771
233,105.554771,6.724771
234,105.781052,6.724771
235,97.182526,6.949439
236,97.408806,6.949439
237,97.635086,6.949439
238,97.861359,6.949439
239,98.087639,6.949439
240,98.313911,6.949439
241,98.540192,6.949439
242,98.766464,6.949439
243,98.992744,6.949439
244,99.219017,6.949439
245,99.445297,6.949439
246,99.671577,6.949439
247,99.89785,6.949439
248,100.12413,6.949439
249,100.350403,6.949439
250,100.576683,6.949439
251,100.802956,6.949439
252,101.029236,6.949439
253,101.255516,6.949439
254,101.481789,6.949439
255,101.708069,6.949439
256,101.934341,6.949439
257,102.160622,6.949439
258,102.386894,6.949439
259,102.613174,6.949439
260,102.839447,6.949439
261,103.065727,6.949439
262,103.292007,6.949439
263,103.51828,6.949439
264,103.74456,6.949439
265,103.970833,6.949439
266,104.197113,6.949439
267,104.423386,6.949439
268,104.649666,6.949439
269,104.875938,6.949439
270,105.102219,6.949439
271,105.328499,6.949439
272,105.554771,6.949439
273,105.781052,6.949439
274,97.182526,7.173999
275,97.408806,7.173999
276,97.635086,7.173999
277,97.861359,7.173999
278,98.087639,7.173999
279,98.313911,7.173999
280,98.540192,7.173999
281,98.766464,7.173999
282,98.992744,7.173999
283,99.219017,7.173999
284,99.445297,7.173999
285,99.671577,7.173999
286,99.89785,7.173999
287,100.12413,7.173999
288,100.350403,7.173999
289,100.576683,7.173999
290,100.802956,7.173999
291,101.029236,7.173999
292,101.255516,7.173999
293,101.481789,7.173999
294,101.708069,7.173999
295,101.934341,7.173999
296,102.160622,7.173999
297,102.386894,7.173999
298,102.613174,7.173999
299,102.839447,7.173999
300,103.065727,7.173999
301,103.292007,7.173999
302,103.51828,7.173999
303,103.74456,7.173999
304,103.970833,7.173999
305,104.197113,7.173999
306,104.423386,7.173999
307,104.649666,7.173999
308,104.875938,7.173999
309,105.102219,7.173999
310,105.328499,7.173999
311,105.554771,7.173999
312,105.781052,7.173999
313,97.182526,7.398449
314,97.408806,7.398449
315,97.635086,7.398449
316,97.861359,7.398449
317,98.087639,7.398449
318,98.313911,7.398449
319,98.540192,7.398449
320,98.766464,7.398449
321,98.992744,7.398449
322,99.219017,7.398449
323,99.445297,7.398449
324,99.671577,7.398449
325,99.89785,7.398449
326,100.12413,7.398449
327,100.350403,7.398449
328,100.576683,7.398449
329,100.802956,7.398449
330,101.029236,7.398449
331,101.255516,7.398449
332,101.481789,7.398449
333,101.708069,7.398449
334,101.934341,7.398449
335,102.160622,7.398449
336,102.386894,7.398449
337,102.613174,7.398449
338,102.839447,7.398449
339,103.065727,7.398449
340,103.292007,7.398449
341,103.51828,7.398449
342,103.74456,7.398449
343,103.970833,7.398449
344,104.197113,7.398449
345,104.423386,7.398449
346,104.649666,7.398449
347,104.875938,7.398449
348,105.102219,7.398449
349,105.328499,7.398449
350,105.554771,7.398449
351,105.781052,7.398449
352,97.182526,7.622784
353,97.408806,7.622784
354,97.635086,7.622784
355,97.861359,7.622784
356,98.087639,7.622784
357,98.313911,7.622784
358,98.540192,7.622784
359,98.766464,7.622784
360,98.992744,7.622784
361,99.219017,7.622784
362,99.445297,7.622784
363,99.671577,7.622784
364,99.89785,7.622784
365,100.12413,7.622784
366,100.350403,7.622784
367,100.576683,7.622784
368,100.802956,7.622784
369,101.029236,7.622784
370,101.255516,7.622784
371,101.481789,7.622784
372,101.708069,7.622784
373,101.934341,7.622784
374,102.160622,7.622784
375,102.386894,7.622784
376,102.613174,7.622784
377,102.839447,7.622784
378,103.065727,7.622784
379,103.292007,7.622784
380,103.51828,7.622784
381,103.74456,7.622784
382,103.970833,7.622784
383,104.197113,7.622784
384,104.423386,7.622784
385,104.649666,7.622784
386,104.875938,7.622784
387,105.102219,7.622784
388,105.328499,7.622784
389,105.554771,7.622784
390,105.781052,7.622784
391,97.182526,7.847002
392,97.408806,7.847002
393,97.635086,7.847002
394,97.861359,7.847002
395,98.087639,7.847002
396,98.313911,7.847002
397,98.540192,7.847002
398,98.766464,7.847002
399,98.992744,7.847002
400,99.219017,7.847002
401,99.445297,7.847002
402,99.671577,7.847002
403,99.89785,7.847002
404,100.12413,7.847002
405,100.350403,7.847002
406,100.576683,7.847002
407,100.802956,7.847002
408,101.029236,7.847002
409,101.255516,7.847002
410,101.481789,7.847002
411,101.708069,7.847002
412,101.934341,7.847002
413,102.160622,7.847002
414,102.386894,7.847002
415,102.613174,7.847002
416,102.839447,7.847002
417,103.065727,7.847002
418,103.292007,7.847002
419,103.51828,7.847002
420,103.74456,7.847002
421,103.970833,7.847002
422,104.197113,7.847002
423,104.423386,7.847002
424,104.649666,7.847002
425,104.875938,7.847002
426,105.102219,7.847002
427,105.328499,7.847002
428,105.554771,7.847002
429,105.781052,7.847002
430,97.182526,8.071099
431,97.408806,8.071099
432,97.635086,8.071099
433,97.861359,8.071099
434,98.087639,8.071099
435,98.313911,8.071099
436,98.540192,8.071099
437,98.766464,8.071099
438,98.992744,8.071099
439,99.219017,8.071099
440,99.445297,8.071099
441,99.671577,8.071099
442,99.89785,8.071099
443,100.12413,8.071099
444,100.350403,8.071099
445,100.576683,8.071099
446,100.802956,8.071099
447,101.029236,8.071099
448,101.255516,8.071099
449,101.481789,8.071099
450,101.708069,8.071099
451,101.934341,8.071099
452,102.160622,8.071099
453,102.386894,8.071099
454,102.613174,8.071099
455,102.839447,8.071099
456,103.065727,8.071099
457,103.292007,8.071099
458,103.51828,8.071099
459,103.74456,8.071099
460,103.970833,8.071099
461,104.197113,8.071099
462,104.423386,8.071099
463,104.649666,8.071099
464,104.875938,8.071099
465,105.102219,8.071099
466,105.328499,8.071099
467,105.554771,8.071099
468,105.781052,8.071099
469,97.182526,8.295072
470,97.408806,8.295072
471,97.635086,8.295072
472,97.861359,8.295072
473,98.087639,8.295072
474,98.313911,8.295072
475,98.540192,8.295072
476,98.766464,8.295072
477,98.992744,8.295072
478,99.219017,8.295072
479,99.445297,8.295072
480,99.671577,8.295072
481,99.89785,8.295072
482,100.12413,8.295072
483,100.350403,8.295072
484,100.576683,8.295072
485,100.802956,8.295072
486,101.029236,8.295072
487,101.255516,8.295072
488,101.481789,8.295072
489,101.708069,8.295072
490,101.934341,8.295072
491,102.160622,8.295072
492,102.386894,8.295072
493,102.613174,8.295072
494,102.839447,8.295072
495,103.065727,8.295072
496,103.292007,8.295072
497,103.51828,8.295072
498,103.74456,8.295072
499,103.970833,8.295072
500,104.197113,8.295072
501,104.423386,8.295072
502,104.649666,8.295072
503,104.875938,8.295072
504,105.102219,8.295072
505,105.328499,8.295072
506,105.554771,8.295072
507,105.781052,8.295072
508,97.182526,8.518917
509,97.408806,8.518917
510,97.635086,8.518917
511,97.861359,8.518917
512,98.087639,8.518917
513,98.313911,8.518917
514,98.540192,8.518917
515,98.766464,8.518917
516,98.992744,8.518917
517,99.219017,8.518917
518,99.445297,8.518917
519,99.671577,8.518917
520,99.89785,8.518917
521,100.12413,8.518917
522,100.350403,8.518917
523,100.576683,8.518917
524,100.802956,8.518917
525,101.029236,8.518917
526,101.255516,8.518917
527,101.481789,8.518917
528,101.708069,8.518917
529,101.934341,8.518917
530,102.160622,8.518917
531,102.386894,8.518917
532,102.613174,8.518917
533,102.839447,8.518917
534,103.065727,8.518917
535,103.292007,8.518917
536,103.51828,8.518917
537,103.74456,8.518917
538,103.970833,8.518917
539,104.197113,8.518917
540,104.423386,8.518917
541,104.649666,8.518917
542,104.875938,8.518917
543,105.102219,8.518917
544,105.328499,8.518917
545,105.554771,8.518917
546,105.781052,8.518917
547,97.182526,8.742632
548,97.408806,8.742632
549,97.635086,8.742632
550,97.861359,8.742632
551,98.087639,8.742632
552,98.313911,8.742632
553,98.540192,8.742632
554,98.766464,8.742632
555,98.992744,8.742632
556,99.219017,8.742632
557,99.445297,8.742632
558,99.671577,8.742632
559,99.89785,8.742632
560,100.12413,8.742632
561,100.350403,8.742632
562,100.576683,8.742632
563,100.802956,8.742632
564,101.029236,8.742632
565,101.255516,8.742632
566,101.481789,8.742632
567,101.708069,8.742632
568,101.934341,8.742632
569,102.160622,8.742632
570,102.386894,8.742632
571,102.613174,8.742632
572,102.839447,8.742632
573,103.065727,8.742632
574,103.292007,8.742632
575,103.51828,8.742632
576,103.74456,8.742632
577,103.970833,8.742632
578,104.197113,8.742632
579,104.423386,8.742632
580,104.649666,8.742632
581,104.875938,8.742632
582,105.102219,8.742632
583,105.328499,8.742632
584,105.554771,8.742632
585,105.781052,8.742632
586,97.182526,8.966211
587,97.408806,8.966211
588,97.635086,8.966211
589,97.861359,8.966211
590,98.087639,8.966211
591,98.313911,8.966211
592,98.540192,8.966211
593,98.766464,8.966211
594,98.992744,8.966211
595,99.219017,8.966211
596,99.445297,8.966211
597,99.671577,8.966211
598,99.89785,8.966211
599,100.12413,8.966211
600,100.350403,8.966211
601,100.576683,8.966211
602,100.802956,8.966211
603,101.029236,8.966211
604,101.255516,8.966211
605,101.481789,8.966211
606,101.708069,8.966211
607,101.934341,8.966211
608,102.160622,8.966211
609,102.386894,8.966211
610,102.613174,8.966211
611,102.839447,8.966211
612,103.065727,8.966211
613,103.292007,8.966211
614,103.51828,8.966211
615,103.74456,8.966211
616,103.970833,8.966211
617,104.197113,8.966211
618,104.423386,8.966211
619,104.649666,8.966211
620,104.875938,8.966211
621,105.102219,8.966211
622,105.328499,8.966211
623,105.554771,8.966211
624,105.781052,8.966211
625,97.182526,9.189654
626,97.408806,9.189654
627,97.635086,9.189654
628,97.861359,9.189654
629,98.087639,9.189654
630,98.313911,9.189654
631,98.540192,9.189654
632,98.766464,9.189654
633,98.992744,9.189654
634,99.219017,9.189654
635,99.445297,9.189654
636,99.671577,9.189654
637,99.89785,9.189654
638,100.12413,9.189654
639,100.350403,9.189654
640,100.576683,9.189654
641,100.802956,9.189654
642,101.029236,9.189654
643,101.255516,9.189654
644,101.481789,9.189654
645,101.708069,9.189654
646,101.934341,9.189654
647,102.160622,9.189654
648,102.386894,9.189654
649,102.613174,9.189654
650,102.839447,9.189654
651,103.065727,9.189654
652,103.292007,9.189654
653,103.51828,9.189654
654,103.74456,9.189654
655,103.970833,9.189654
656,104.197113,9.189654
657,104.423386,9.189654
658,104.649666,9.189654
659,104.875938,9.189654
660,105.102219,9.189654
661,105.328499,9.189654
662,105.554771,9.189654
663,105.781052,9.189654
664,97.182526,9.412956
665,97.408806,9.412956
666,97.635086,9.412956
667,97.861359,9.412956
668,98.087639,9.412956
669,98.313911,9.412956
670,98.540192,9.412956
671,98.766464,9.412956
672,98.992744,9.412956
673,99.219017,9.412956
674,99.445297,9.412956
675,99.671577,9.412956
676,99.89785,9.412956
677,100.12413,9.412956
678,100.350403,9.412956
679,100.576683,9.412956
680,100.802956,9.412956
681,101.029236,9.412956
682,101.255516,9.412956
683,101.481789,9.412956
684,101.708069,9.412956
685,101.934341,9.412956
686,102.160622,9.412956
687,102.386894,9.412956
688,102.613174,9.412956
689,102.839447,9.412956
690,103.065727,9.412956
691,103.292007,9.412956
692,103.51828,9.412956
693,103.74456,9.412956
694,103.970833,9.412956
695,104.197113,9.412956
696,104.423386,9.412956
697,104.649666,9.412956
698,104.875938,9.412956
699,105.102219,9.412956
700,105.328499,9.412956
701,105.554771,9.412956
702,105.781052,9.412956
703,97.182526,9.636113
704,97.408806,9.636113
705,97.635086,9.636113
706,97.861359,9.636113
707,98.087639,9.636113
708,98.313911,9.636113
709,98.540192,9.636113
710,98.766464,9.636113
711,98.992744,9.636113
712,99.219017,9.636113
713,99.445297,9.636113
714,99.671577,9.636113
715,99.89785,9.636113
716,100.12413,9.636113
717,100.350403,9.636113
718,100.576683,9.636113
719,100.802956,9.636113
720,101.029236,9.636113
721,101.255516,9.636113
722,101.481789,9.636113
723,101.708069,9.636113
724,101.934341,9.636113
725,102.160622,9.636113
726,102.386894,9.636113
727,102.613174,9.636113
728,102.839447,9.636113
729,103.065727,9.636113
730,103.292007,9.636113
731,103.51828,9.636113
732,103.74456,9.636113
733,103.970833,9.636113
734,104.197113,9.636113
735,104.423386,9.636113
736,104.649666,9.636113
737,104.875938,9.636113
738,105.102219,9.636113
739,105.328499,9.636113
740,105.554771,9.636113
741,105.781052,9.636113
742,97.182526,9.859123
743,97.408806,9.859123
744,97.635086,9.859123
745,97.861359,9.859123
746,98.087639,9.859123
747,98.313911,9.859123
748,98.540192,9.859123
749,98.766464,9.859123
750,98.992744,9.859123
751,99.219017,9.859123
752,99.445297,9.859123
753,99.671577,9.859123
754,99.89785,9.859123
755,100.12413,9.859123
756,100.350403,9.859123
757,100.576683,9.859123
758,100.802956,9.859123
759,101.029236,9.859123
760,101.255516,9.859123
761,101.481789,9.859123
762,101.708069,9.859123
763,101.934341,9.859123
764,102.160622,9.859123
765,102.386894,9.859123
766,102.613174,9.859123
767,102.839447,9.859123
768,103.065727,9.859123
769,103.292007,9.859123
770,103.51828,9.859123
771,103.74456,9.859123
772,103.970833,9.859123
773,104.197113,9.859123
774,104.423386,9.859123
775,104.649666,9.859123
776,104.875938,9.859123
777,105.102219,9.859123
778,105.328499,9.859123
779,105.554771,9.859123
780,105.781052,9.859123
781,97.182526,10.081983
782,97.408806,10.081983
783,97.635086,10.081983
784,97.861359,10.081983
785,98.087639,10.081983
786,98.313911,10.081983
787,98.540192,10.081983
788,98.766464,10.081983
789,98.992744,10.081983
790,99.219017,10.081983
791,99.445297,10.081983
792,99.671577,10.081983
793,99.89785,10.081983
794,100.12413,10.081983
795,100.350403,10.081983
796,100.576683,10.081983
797,100.802956,10.081983
798,101.029236,10.081983
799,101.255516,10.081983
800,101.481789,10.081983
801,101.708069,10.081983
802,101.934341,10.081983
803,102.160622,10.081983
804,102.386894,10.081983
805,102.613174,10.081983
806,102.839447,10.081983
807,103.065727,10.081983
808,103.292007,10.081983
809,103.51828,10.081983
810,103.74456,10.081983
811,103.970833,10.081983
812,104.197113,10.081983
813,104.423386,10.081983
814,104.649666,10.081983
815,104.875938,10.081983
816,105.102219,10.081983
817,105.328499,10.081983
818,105.554771,10.081983
819,105.781052,10.081983
820,97.182526,10.304688
821,97.408806,10.304688
822,97.635086,10.304688
823,97.861359,10.304688
824,98.087639,10.304688
825,98.313911,10.304688
826,98.540192,10.304688
827,98.766464,10.304688
828,98.992744,10.304688
829,99.219017,10.304688
830,99.445297,10.304688
831,99.671577,10.304688
832,99.89785,10.304688
833,100.12413,10.304688
834,100.350403,10.304688
835,100.576683,10.304688
836,100.802956,10.304688
837,101.029236,10.304688
838,101.255516,10.304688
839,101.481789,10.304688
840,101.708069,10.304688
841,101.934341,10.304688
842,102.160622,10.304688
843,102.386894,10.304688
844,102.613174,10.304688
845,102.839447,10.304688
846,103.065727,10.304688
847,103.292007,10.304688
848,103.51828,10.304688
849,103.74456,10.304688
850,103.970833,10.304688
851,104.197113,10.304688
852,104.423386,10.304688
853,104.649666,10.304688
854,104.875938,10.304688
855,105.102219,10.304688
856,105.328499,10.304688
857,105.554771,10.304688
858,105.781052,10.304688
859,97.182526,10.527236
860,97.408806,10.527236
861,97.635086,10.527236
862,97.861359,10.527236
863,98.087639,10.527236
864,98.313911,10.527236
865,98.540192,10.527236
866,98.766464,10.527236
867,98.992744,10.527236
868,99.219017,10.527236
869,99.445297,10.527236
870,99.671577,10.527236
871,99.89785,10.527236
872,100.12413,10.527236
873,100.350403,10.527236
874,100.576683,10.527236
875,100.802956,10.527236
876,101.029236,10.527236
877,101.255516,10.527236
878,101.481789,10.527236
879,101.708069,10.527236
880,101.934341,10.527236
881,102.160622,10.527236
882,102.386894,10.527236
883,102.613174,10.527236
884,102.839447,10.527236
885,103.065727,10.527236
886,103.292007,10.527236
887,103.51828,10.527236
888,103.74456,10.527236
889,103.970833,10.527236
890,104.197113,10.527236
891,104.423386,10.527236
892,104.649666,10.527236
893,104.875938,10.527236
894,105.102219,10.527236
895,105.328499,10.527236
896,105.554771,10.527236
897,105.781052,10.527236
898,97.182526,10.749623
899,97.408806,10.749623
900,97.635086,10.749623
901,97.861359,10.749623
902,98.087639,10.749623
903,98.313911,10.749623
904,98.540192,10.749623
905,98.766464,10.749623
906,98.992744,10.749623
907,99.219017,10.749623
908,99.445297,10.749623
909,99.671577,10.749623
910,99.89785,10.749623
911,100.12413,10.749623
912,100.350403,10.749623
913,100.576683,10.749623
914,100.802956,10.749623
915,101.029236,10.749623
916,101.255516,10.749623
917,101.481789,10.749623
918,101.708069,10.749623
919,101.934341,10.749623
920,102.160622,10.749623
921,102.386894,10.749623
922,102.613174,10.749623
923,102.839447,10.749623
924,103.065727,10.749623
925,103.292007,10.749623
926,103.51828,10.749623
927,103.74456,10.749623
928,103.970833,10.749623
929,104.197113,10.749623
930,104.423386,10.749623
931,104.649666,10.749623
932,104.875938,10.749623
933,105.102219,10.749623
934,105.328499,10.749623
935,105.554771,10.749623
936,105.781052,10.749623
937,97.182526,10.971847
938,97.408806,10.971847
939,97.635086,10.971847
940,97.861359,10.971847
941,98.087639,10.971847
942,98.313911,10.971847
943,98.540192,10.971847
944,98.766464,10.971847
945,98.992744,10.971847
946,99.219017,10.971847
947,99.445297,10.971847
948,99.671577,10.971847
949,99.89785,10.971847
950,100.12413,10.971847
951,100.350403,10.971847
952,100.576683,10.971847
953,100.802956,10.971847
954,101.029236,10.971847
955,101.255516,10.971847
956,101.481789,10.971847
957,101.708069,10.971847
958,101.934341,10.971847
959,102.160622,10.971847
960,102.386894,10.971847
961,102.613174,10.971847
962,102.839447,10.971847
963,103.065727,10.971847
964,103.292007,10.971847
965,103.51828,10.971847
966,103.74456,10.971847
967,103.970833,10.971847
968,104.197113,10.971847
969,104.423386,10.971847
970,104.649666,10.971847
971,104.875938,10.971847
972,105.102219,10.971847
973,105.328499,10.971847
974,105.554771,10.971847
975,105.781052,10.971847
976,97.182526,11.193903
977,97.408806,11.193903
978,97.635086,11.193903
979,97.861359,11.193903
980,98.087639,11.193903
981,98.313911,11.193903
982,98.540192,11.193903
983,98.766464,11.193903
984,98.992744,11.193903
985,99.219017,11.193903
986,99.445297,11.193903
987,99.671577,11.193903
988,99.89785,11.193903
989,100.12413,11.193903
990,100.350403,11.193903
991,100.576683,11.193903
992,100.802956,11.193903
993,101.029236,11.193903
994,101.255516,11.193903
995,101.481789,11.193903
996,101.708069,11.193903
997,101.934341,11.193903
998,102.160622,11.193903
999,102.386894,11.193903
1000,102.613174,11.193903
1001,102.839447,11.193903
1002,103.065727,11.193903
1003,103.292007,11.193903
1004,103.51828,11.193903
1005,103.74456,11.193903
1006,103.970833,11.193903
1007,104.197113,11.193903
1008,104.423386,11.193903
1009,104.649666,11.193903
1010,104.875938,11.193903
1011,105.102219,11.193903
1012,105.328499,11.193903
1013,105.554771,11.193903
1014,105.781052,11.193903
1015,97.182526,11.41579
1016,97.408806,11.41579
1017,97.635086,11.41579
1018,97.861359,11.41579
1019,98.087639,11.41579
1020,98.313911,11.41579
1021,98.540192,11.41579
1022,98.766464,11.41579
1023,98.992744,11.41579
1024,99.219017,11.41579
1025,99.445297,11.41579
1026,99.671577,11.41579
1027,99.89785,11.41579
1028,100.12413,11.41579
1029,100.350403,11.41579
1030,100.576683,11.41579
1031,100.802956,11.41579
1032,101.029236,11.41579
1033,101.255516,11.41579
1034,101.481789,11.41579
1035,101.708069,11.41579
1036,101.934341,11.41579
1037,102.160622,11.41579
1038,102.386894,11.41579
1039,102.613174,11.41579
1040,102.839447,11.41579
1041,103.065727,11.41579
1042,103.292007,11.41579
1043,103.51828,11.41579
1044,103.74456,11.41579
1045,103.970833,11.41579
1046,104.197113,11.41579
1047,104.423386,11.41579
1048,104.649666,11.41579
1049,104.875938,11.41579
1050,105.102219,11.41579
1051,105.328499,11.41579
1052,105.554771,11.41579
1053,105.781052,11.41579
1054,97.182526,11.637503
1055,97.408806,11.637503
1056,97.635086,11.637503
1057,97.861359,11.637503
1058,98.087639,11.637503
1059,98.313911,11.637503
1060,98.540192,11.637503
1061,98.766464,11.637503
1062,98.992744,11.637503
1063,99.219017,11.637503
1064,99.445297,11.637503
1065,99.671577,11.637503
1066,99.89785,11.637503
1067,100.12413,11.637503
1068,100.350403,11.637503
1069,100.576683,11.637503
1070,100.802956,11.637503
1071,101.029236,11.637503
1072,101.255516,11.637503
1073,101.481789,11.637503
1074,101.708069,11.637503
1075,101.934341,11.637503
1076,102.160622,11.637503
1077,102.386894,11.637503
1078,102.613174,11.637503
1079,102.839447,11.637503
1080,103.065727,11.637503
1081,103.292007,11.637503
1082,103.51828,11.637503
1083,103.74456,11.637503
1084,103.970833,11.637503
1085,104.197113,11.637503
1086,104.423386,11.637503
1087,104.649666,11.637503
1088,104.875938,11.637503
1089,105.102219,11.637503
1090,105.328499,11.637503
1091,105.554771,11.637503
1092,105.781052,11.637503
1093,97.182526,11.859039
1094,97.408806,11.859039
1095,97.635086,11.859039
1096,97.861359,11.859039
1097,98.087639,11.859039
1098,98.313911,11.859039
1099,98.540192,11.859039
1100,98.766464,11.859039
1101,98.992744,11.859039
1102,99.219017,11.859039
1103,99.445297,11.859039
1104,99.671577,11.859039
1105,99.89785,11.859039
1106,100.12413,11.859039
1107,100.350403,11.859039
1108,100.576683,11.859039
1109,100.802956,11.859039
1110,101.029236,11.859039
1111,101.255516,11.859039
1112,101.481789,11.859039
1113,101.708069,11.859039
1114,101.934341,11.859039
1115,102.160622,11.859039
1116,102.386894,11.859039
1117,102.613174,11.859039
1118,102.839447,11.859039
1119,103.065727,11.859039
1120,103.292007,11.859039
1121,103.51828,11.859039
1122,103.74456,11.859039
1123,103.970833,11.859039
1124,104.197113,11.859039
1125,104.423386,11.859039
1126,104.649666,11.859039
1127,104.875938,11.859039
1128,105.102219,11.859039
1129,105.328499,11.859039
1130,105.554771,11.859039
1131,105.781052,11.859039
1132,97.182526,12.080397
1133,97.408806,12.080397
1134,97.635086,12.080397
1135,97.861359,12.080397
1136,98.087639,12.080397
1137,98.313911,12.080397
1138,98.540192,12.080397
1139,98.766464,12.080397
1140,98.992744,12.080397
1141,99.219017,12.080397
1142,99.445297,12.080397
1143,99.671577,12.080397
1144,99.89785,12.080397
1145,100.12413,12.080397
1146,100.350403,12.080397
1147,100.576683,12.080397
1148,100.802956,12.080397
1149,101.029236,12.080397
1150,101.255516,12.080397
1151,101.481789,12.080397
1152,101.708069,12.080397
1153,101.934341,12.080397
1154,102.160622,12.080397
1155,102.386894,12.080397
1156,102.613174,12.080397
1157,102.839447,12.080397
1158,103.065727,12.080397
1159,103.292007,12.080397
1160,103.51828,12.080397
1161,103.74456,12.080397
1162,103.970833,12.080397
1163,104.197113,12.080397
1164,104.423386,12.080397
1165,104.649666,12.080397
1166,104.875938,12.080397
1167,105.102219,12.080397
1168,105.328499,12.080397
1169,105.554771,12.080397
1170,105.781052,12.080397
1171,97.182526,12.30157
1172,97.408806,12.30157
1173,97.635086,12.30157
1174,97.861359,12.30157
1175,98.087639,12.30157
1176,98.313911,12.30157
1177,98.540192,12.30157
1178,98.766464,12.30157
1179,98.992744,12.30157
1180,99.219017,12.30157
1181,99.445297,12.30157
1182,99.671577,12.30157
1183,99.89785,12.30157
1184,100.12413,12.30157
1185,100.350403,12.30157
1186,100.576683,12.30157
1187,100.802956,12.30157
1188,101.029236,12.30157
1189,101.255516,12.30157
1190,101.481789,12.30157
1191,101.708069,12.30157
1192,101.934341,12.30157
1193,102.160622,12.30157
1194,102.386894,12.30157
1195,102.613174,12.30157
1196,102.839447,12.30157
1197,103.065727,12.30157
1198,103.292007,12.30157
1199,103.51828,12.30157
1200,103.74456,12.30157
1201,103.970833,12.30157
1202,104.197113,12.30157
1203,104.423386,12.30157
1204,104.649666,12.30157
1205,104.875938,12.30157
1206,105.102219,12.30157
1207,105.328499,12.30157
1208,105.554771,12.30157
1209,105.781052,12.30157
1210,97.182526,12.522558
1211,97.408806,12.522558
1212,97.635086,12.522558
1213,97.861359,12.522558
1214,98.087639,12.522558
1215,98.313911,12.522558
1216,98.540192,12.522558
1217,98.766464,12.522558
1218,98.992744,12.522558
1219,99.219017,12.522558
1220,99.445297,12.522558
1221,99.671577,12.522558
1222,99.89785,12.522558
1223,100.12413,12.522558
1224,100.350403,12.522558
1225,100.576683,12.522558
1226,100.802956,12.522558
1227,101.029236,12.522558
1228,101.255516,12.522558
1229,101.481789,12.522558
1230,101.708069,12.522558
1231,101.934341,12.522558
1232,102.160622,12.522558
1233,102.386894,12.522558
1234,102.613174,12.522558
1235,102.839447,12.522558
1236,103.065727,12.522558
1237,103.292007,12.522558
1238,103.51828,12.522558
1239,103.74456,12.522558
1240,103.970833,12.522558
1241,104.197113,12.522558
1242,104.423386,12.522558
1243,104.649666,12.522558
1244,104.875938,12.522558
1245,105.102219,12.522558
1246,105.328499,12.522558
1247,105.554771,12.522558
1248,105.781052,12.522558
1249,97.182526,12.743357
1250,97.408806,12.743357
1251,97.635086,12.743357
1252,97.861359,12.743357
1253,98.087639,12.743357
1254,98.313911,12.743357
1255,98.540192,12.743357
1256,98.766464,12.743357
1257,98.992744,12.743357
1258,99.219017,12.743357
1259,99.445297,12.743357
1260,99.671577,12.743357
1261,99.89785,12.743357
1262,100.12413,12.743357
1263,100.350403,12.743357
1264,100.576683,12.743357
1265,100.802956,12.743357
1266,101.029236,12.743357
1267,101.255516,12.743357
1268,101.481789,12.743357
1269,101.708069,12.743357
1270,101.934341,12.743357
1271,102.160622,12.743357
1272,102.386894,12.743357
1273,102.613174,12.743357
1274,102.839447,12.743357
1275,103.065727,12.743357
1276,103.292007,12.743357
1277,103.51828,12.743357
1278,103.74456,12.743357
1279,103.970833,12.743357
1280,104.197113,12.743357
1281,104.423386,12.743357
1282,104.649666,12.743357
1283,104.875938,12.743357
1284,105.102219,12.743357
1285,105.328499,12.743357
1286,105.554771,12.743357
1287,105.781052,12.743357
1288,97.182526,12.963964
1289,97.408806,12.963964
1290,97.635086,12.963964
1291,97.861359,12.963964
1292,98.087639,12.963964
1293,98.313911,12.963964
1294,98.540192,12.963964
1295,98.766464,12.963964
1296,98.992744,12.963964
1297,99.219017,12.963964
1298,99.445297,12.963964
1299,99.671577,12.963964
1300,99.89785,12.963964
1301,100.12413,12.963964
1302,100.350403,12.963964
1303,100.576683,12.963964
1304,100.802956,12.963964
1305,101.029236,12.963964
1306,101.255516,12.963964
1307,101.481789,12.963964
1308,101.708069,12.963964
1309,101.934341,12.963964
1310,102.160622,12.963964
1311,102.386894,12.963964
1312,102.613174,12.963964
1313,102.839447,12.963964
1314,103.065727,12.963964
1315,103.292007,12.963964
1316,103.51828,12.963964
1317,103.74456,12.963964
1318,103.970833,12.963964
1319,104.197113,12.963964
1320,104.423386,12.963964
1321,104.649666,12.963964
1322,104.875938,12.963964
1323,105.102219,12.963964
1324,105.328499,12.963964
1325,105.554771,12.963964
1326,105.781052,12.963964
1327,97.182526,13.184375
1328,97.408806,13.184375
1329,97.635086,13.184375
1330,97.861359,13.184375
1331,98.087639,13.184375
1332,98.313911,13.184375
1333,98.540192,13.184375
1334,98.766464,13.184375
1335,98.992744,13.184375
1336,99.219017,13.184375
1337,99.445297,13.184375
1338,99.671577,13.184375
1339,99.89785,13.184375
1340,100.12413,13.184375
1341,100.350403,13.184375
1342,100.576683,13.184375
1343,100.802956,13.184375
1344,101.029236,13.184375
1345,101.255516,13.184375
1346,101.481789,13.184375
1347,101.708069,13.184375
1348,101.934341,13.184375
1349,102.160622,13.184375
1350,102.386894,13.184375
1351,102.613174,13.184375
1352,102.839447,13.184375
1353,103.065727,13.184375
1354,103.292007,13.184375
1355,103.51828,13.184375
1356,103.74456,13.184375
1357,103.970833,13.184375
1358,104.197113,13.184375
1359,104.423386,13.184375
1360,104.649666,13.184375
1361,104.875938,13.184375
1362,105.102219,13.184375
1363,105.328499,13.184375
1364,105.554771,13.184375
1365,105.781052,13.184375
1366,97.182526,13.404588
1367,97.408806,13.404588
1368,97.635086,13.404588
1369,97.861359,13.404588
1370,98.087639,13.404588
1371,98.313911,13.404588
1372,98.540192,13.404588
1373,98.766464,13.404588
1374,98.992744,13.404588
1375,99.219017,13.404588
1376,99.445297,13.404588
1377,99.671577,13.404588
1378,99.89785,13.404588
1379,100.12413,13.404588
1380,100.350403,13.404588
1381,100.576683,13.404588
1382,100.802956,13.404588
1383,101.029236,13.404588
1384,101.255516,13.404588
1385,101.481789,13.404588
1386,101.708069,13.404588
1387,101.934341,13.404588
1388,102.160622,13.404588
1389,102.386894,13.404588
1390,102.613174,13.404588
1391,102.839447,13.404588
1392,103.065727,13.404588
1393,103.292007,13.404588
1394,103.51828,13.404588
1395,103.74456,13.404588
1396,103.970833,13.404588
1397,104.197113,13.404588
1398,104.423386,13.404588
1399,104.649666,13.404588
1400,104.875938,13.404588
1401,105.102219,13.404588
1402,105.328499,13.404588
1403,105.554771,13.404588
1404,105.781052,13.404588
1405,97.182526,13.624599
1406,97.408806,13.624599
1407,97.635086,13.624599
1408,97.861359,13.624599
1409,98.087639,13.624599
1410,98.313911,13.624599
1411,98.540192,13.624599
1412,98.766464,13.624599
1413,98.992744,13.624599
1414,99.219017,13.624599
1415,99.445297,13.624599
1416,99.671577,13.624599
1417,99.89785,13.624599
1418,100.12413,13.624599
1419,100.350403,13.624599
1420,100.576683,13.624599
1421,100.802956,13.624599
1422,101.029236,13.624599
1423,101.255516,13.624599
1424,101.481789,13.624599
1425,101.708069,13.624599
1426,101.934341,13.624599
1427,102.160622,13.624599
1428,102.386894,13.624599
1429,102.613174,13.624599
1430,102.839447,13.624599
1431,103.065727,13.624599
1432,103.292007,13.624599
1433,103.51828,13.624599
1434,103.74456,13.624599
1435,103.970833,13.624599
1436,104.197113,13.624599
1437,104.423386,13.624599
1438,104.649666,13.624599
1439,104.875938,13.624599
1440,105.102219,13.624599
1441,105.328499,13.624599
1442,105.554771,13.624599
1443,105.781052,13.624599
1444,97.182526,13.844405
1445,97.408806,13.844405
1446,97.635086,13.844405
1447,97.861359,13.844405
1448,98.087639,13.844405
1449,98.313911,13.844405
1450,98.540192,13.844405
1451,98.766464,13.844405
1452,98.992744,13.844405
1453,99.219017,13.844405
1454,99.445297,13.844405
1455,99.671577,13.844405
1456,99.89785,13.844405
1457,100.12413,13.844405
1458,100.350403,13.844405
1459,100.576683,13.844405
1460,100.802956,13.844405
1461,101.029236,13.844405
1462,101.255516,13.844405
1463,101.481789,13.844405
1464,101.708069,13.844405
1465,101.934341,13.844405
1466,102.160622,13.844405
1467,102.386894,13.844405
1468,102.613174,13.844405
1469,102.839447,13.844405
1470,103.065727,13.844405
1471,103.292007,13.844405
1472,103.51828,13.844405
1473,103.74456,13.844405
1474,103.970833,13.844405
1475,104.197113,13.844405
1476,104.423386,13.844405
1477,104.649666,13.844405
1478,104.875938,13.844405
1479,105.102219,13.844405
1480,105.328499,13.844405
1481,105.554771,13.844405
1482,105.781052,13.844405
1483,97.182526,14.064005
1484,97.408806,14.064005
1485,97.635086,14.064005
1486,97.861359,14.064005
1487,98.087639,14.064005
1488,98.313911,14.064005
1489,98.540192,14.064005
1490,98.766464,14.064005
1491,98.992744,14.064005
1492,99.219017,14.064005
1493,99.445297,14.064005
1494,99.671577,14.064005
1495,99.89785,14.064005
1496,100.12413,14.064005
1497,100.350403,14.064005
1498,100.576683,14.064005
1499,100.802956,14.064005
1500,101.029236,14.064005
1501,101.255516,14.064005
1502,101.481789,14.064005
1503,101.708069,14.064005
1504,101.934341,14.064005
1505,102.160622,14.064005
1506,102.386894,14.064005
1507,102.613174,14.064005
1508,102.839447,14.064005
1509,103.065727,14.064005
1510,103.292007,14.064005
1511,103.51828,14.064005
1512,103.74456,14.064005
1513,103.970833,14.064005
1514,104.197113,14.064005
1515,104.423386,14.064005
1516,104.649666,14.064005
1517,104.875938,14.064005
1518,105.102219,14.064005
1519,105.328499,14.064005
1520,105.554771,14.064005
1521,105.781052,14.064005
1522,97.182526,14.283393
1523,97.408806,14.283393
1524,97.635086,14.283393
1525,97.861359,14.283393
1526,98.087639,14.283393
1527,98.313911,14.283393
1528,98.540192,14.283393
1529,98.766464,14.283393
1530,98.992744,14.283393
1531,99.219017,14.283393
1532,99.445297,14.283393
1533,99.671577,14.283393
1534,99.89785,14.283393
1535,100.12413,14.283393
1536,100.350403,14.283393
1537,100.576683,14.283393
1538,100.802956,14.283393
1539,101.029236,14.283393
1540,101.255516,14.283393
1541,101.481789,14.283393
1542,101.708069,14.283393
1543,101.934341,14.283393
1544,102.160622,14.283393
1545,102.386894,14.283393
1546,102.613174,14.283393
1547,102.839447,14.283393
1548,103.065727,14.283393
1549,103.292007,14.283393
1550,103.51828,14.283393
1551,103.74456,14.283393
1552,103.970833,14.283393
1553,104.197113,14.283393
1554,104.423386,14.283393
1555,104.649666,14.283393
1556,104.875938,14.283393
1557,105.102219,14.283393
1558,105.328499,14.283393
1559,105.554771,14.283393
1560,105.781052,14.283393
1561,97.182526,14.502567
1562,97.408806,14.502567
1563,97.635086,14.502567
1564,97.861359,14.502567
1565,98.087639,14.502567
1566,98.313911,14.502567
1567,98.540192,14.502567
1568,98.766464,14.502567
1569,98.992744,14.502567
1570,99.219017,14.502567
1571,99.445297,14.502567
1572,99.671577,14.502567
1573,99.89785,14.502567
1574,100.12413,14.502567
1575,100.350403,14.502567
1576,100.576683,14.502567
1577,100.802956,14.502567
1578,101.029236,14.502567
1579,101.255516,14.502567
1580,101.481789,14.502567
1581,101.708069,14.502567
1582,101.934341,14.502567
1583,102.160622,14.502567
1584,102.386894,14.502567
1585,102.613174,14.502567
1586,102.839447,14.502567
1587,103.065727,14.502567
1588,103.292007,14.502567
1589,103.51828,14.502567
1590,103.74456,14.502567
1591,103.970833,14.502567
1592,104.197113,14.502567
1593,104.423386,14.502567
1594,104.649666,14.502567
1595,104.875938,14.502567
1596,105.102219,14.502567
1597,105.328499,14.502567
1598,105.554771,14.502567
1599,105.781052,14.502567
1600,97.182526,14.721525
1601,97.408806,14.721525
1602,97.635086,14.721525
1603,97.861359,14.721525
1604,98.087639,14.721525
1605,98.313911,14.721525
1606,98.540192,14.721525
1607,98.766464,14.721525
1608,98.992744,14.721525
1609,99.219017,14.721525
1610,99.445297,14.721525
1611,99.671577,14.721525
1612,99.89785,14.721525
1613,100.12413,14.721525
1614,100.350403,14.721525
1615,100.576683,14.721525
1616,100.802956,14.721525
1617,101.029236,14.721525
1618,101.255516,14.721525
1619,101.481789,14.721525
1620,101.708069,14.721525
1621,101.934341,14.721525
1622,102.160622,14.721525
1623,102.386894,14.721525
1624,102.613174,14.721525
1625,102.839447,14.721525
1626,103.065727,14.721525
1627,103.292007,14.721525
1628,103.51828,14.721525
1629,103.74456,14.721525
1630,103.970833,14.721525
1631,104.197113,14.721525
1632,104.423386,14.721525
1633,104.649666,14.721525
1634,104.875938,14.721525
1635,105.102219,14.721525
1636,105.328499,14.721525
1637,105.554771,14.721525
1638,105.781052,14.721525
1639,97.182526,14.940264
1640,97.408806,14.940264
1641,97.635086,14.940264
1642,97.861359,14.940264
1643,98.087639,14.940264
1644,98.313911,14.940264
1645,98.540192,14.940264
1646,98.766464,14.940264
1647,98.992744,14.940264
1648,99.219017,14.940264
1649,99.445297,14.940264
1650,99.671577,14.940264
1651,99.89785,14.940264
1652,100.12413,14.940264
1653,100.350403,14.940264
1654,100.576683,14.940264
1655,100.802956,14.940264
1656,101.029236,14.940264
1657,101.255516,14.940264
1658,101.481789,14.940264
1659,101.708069,14.940264
1660,101.934341,14.940264
1661,102.160622,14.940264
1662,102.386894,14.940264
1663,102.613174,14.940264
1664,102.839447,14.940264
1665,103.065727,14.940264
1666,103.292007,14.940264
1667,103.51828,14.940264
1668,103.74456,14.940264
1669,103.970833,14.940264
1670,104.197113,14.940264
1671,104.423386,14.940264
1672,104.649666,14.940264
1673,104.875938,14.940264
1674,105.102219,14.940264
1675,105.328499,14.940264
1676,105.554771,14.940264
1677,105.781052,14.940264
1678,97.182526,15.15878
1679,97.408806,15.15878
1680,97.635086,15.15878
1681,97.861359,15.15878
1682,98.087639,15.15878
1683,98.313911,15.15878
1684,98.540192,15.15878
1685,98.766464,15.15878
1686,98.992744,15.15878
1687,99.219017,15.15878
1688,99.445297,15.15878
1689,99.671577,15.15878
1690,99.89785,15.15878
1691,100.12413,15.15878
1692,100.350403,15.15878
1693,100.576683,15.15878
1694,100.802956,15.15878
1695,101.029236,15.15878
1696,101.255516,15.15878
1697,101.481789,15.15878
1698,101.708069,15.15878
1699,101.934341,15.15878
1700,102.160622,15.15878
1701,102.386894,15.15878
1702,102.613174,15.15878
1703,102.839447,15.15878
1704,103.065727,15.15878
1705,103.292007,15.15878
1706,103.51828,15.15878
1707,103.74456,15.15878
1708,103.970833,15.15878
1709,104.197113,15.15878
1710,104.423386,15.15878
1711,104.649666,15.15878
1712,104.875938,15.15878
1713,105.102219,15.15878
1714,105.328499,15.15878
1715,105.554771,15.15878
1716,105.781052,15.15878
1717,97.182526,15.37707
1718,97.408806,15.37707
1719,97.635086,15.37707
1720,97.861359,15.37707
1721,98.087639,15.37707
1722,98.313911,15.37707
1723,98.540192,15.37707
1724,98.766464,15.37707
1725,98.992744,15.37707
1726,99.219017,15.37707
1727,99.445297,15.37707
1728,99.671577,15.37707
1729,99.89785,15.37707
1730,100.12413,15.37707
1731,100.350403,15.37707
1732,100.576683,15.37707
1733,100.802956,15.37707
1734,101.029236,15.37707
1735,101.255516,15.37707
1736,101.481789,15.37707
1737,101.708069,15.37707
1738,101.934341,15.37707
1739,102.160622,15.37707
1740,102.386894,15.37707
1741,102.613174,15.37707
1742,102.839447,15.37707
1743,103.065727,15.37707
1744,103.292007,15.37707
1745,103.51828,15.37707
1746,103.74456,15.37707
1747,103.970833,15.37707
1748,104.197113,15.37707
1749,104.423386,15.37707
1750,104.649666,15.37707
1751,104.875938,15.37707
1752,105.102219,15.37707
1753,105.328499,15.37707
1754,105.554771,15.37707
1755,105.781052,15.37707
1756,97.182526,15.595132
1757,97.408806,15.595132
1758,97.635086,15.595132
1759,97.861359,15.595132
1760,98.087639,15.595132
1761,98.313911,15.595132
1762,98.540192,15.595132
1763,98.766464,15.595132
1764,98.992744,15.595132
1765,99.219017,15.595132
1766,99.445297,15.595132
1767,99.671577,15.595132
1768,99.89785,15.595132
1769,100.12413,15.595132
1770,100.350403,15.595132
1771,100.576683,15.595132
1772,100.802956,15.595132
1773,101.029236,15.595132
1774,101.255516,15.595132
1775,101.481789,15.595132
1776,101.708069,15.595132
1777,101.934341,15.595132
1778,102.160622,15.595132
1779,102.386894,15.595132
1780,102.613174,15.595132
1781,102.839447,15.595132
1782,103.065727,15.595132
1783,103.292007,15.595132
1784,103.51828,15.595132
1785,103.74456,15.595132
1786,103.970833,15.595132
1787,104.197113,15.595132
1788,104.423386,15.595132
1789,104.649666,15.595132
1790,104.875938,15.595132
1791,105.102219,15.595132
1792,105.328499,15.595132
1793,105.554771,15.595132
1794,105.781052,15.595132
1795,97.182526,15.812963
1796,97.408806,15.812963
1797,97.635086,15.812963
1798,97.861359,15.812963
1799,98.087639,15.812963
1800,98.313911,15.812963
1801,98.540192,15.812963
1802,98.766464,15.812963
1803,98.992744,15.812963
1804,99.219017,15.812963
1805,99.445297,15.812963
1806,99.671577,15.812963
1807,99.89785,15.812963
1808,100.12413,15.812963
1809,100.350403,15.812963
1810,100.576683,15.812963
1811,100.802956,15.812963
1812,101.029236,15.812963
1813,101.255516,15.812963
1814,101.481789,15.812963
1815,101.708069,15.812963
1816,101.934341,15.812963
1817,102.160622,15.812963
1818,102.386894,15.812963
1819,102.613174,15.812963
1820,102.839447,15.812963
1821,103.065727,15.812963
1822,103.292007,15.812963
1823,103.51828,15.812963
1824,103.74456,15.812963
1825,103.970833,15.812963
1826,104.197113,15.812963
1827,104.423386,15.812963
1828,104.649666,15.812963
1829,104.875938,15.812963
1830,105.102219,15.812963
1831,105.328499,15.812963
1832,105.554771,15.812963
1833,105.781052,15.812963
1834,97.182526,16.030558
1835,97.408806,16.030558
1836,97.635086,16.030558
1837,97.861359,16.030558
1838,98.087639,16.030558
1839,98.313911,16.030558
1840,98.540192,16.030558
1841,98.766464,16.030558
1842,98.992744,16.030558
1843,99.219017,16.030558
1844,99.445297,16.030558
1845,99.671577,16.030558
1846,99.89785,16.030558
1847,100.12413,16.030558
1848,100.350403,16.030558
1849,100.576683,16.030558
1850,100.802956,16.030558
1851,101.029236,16.030558
1852,101.255516,16.030558
1853,101.481789,16.030558
1854,101.708069,16.030558
1855,101.934341,16.030558
1856,102.160622,16.030558
1857,102.386894,16.030558
1858,102.613174,16.030558
1859,102.839447,16.030558
1860,103.065727,16.030558
1861,103.292007,16.030558
1862,103.51828,16.030558
1863,103.74456,16.030558
1864,103.970833,16.030558
1865,104.197113,16.030558
1866,104.423386,16.030558
1867,104.649666,16.030558
1868,104.875938,16.030558
1869,105.102219,16.030558
1870,105.328499,16.030558
1871,105.554771,16.030558
1872,105.781052,16.030558
1873,97.182526,16.247917
1874,97.408806,16.247917
1875,97.635086,16.247917
1876,97.861359,16.247917
1877,98.087639,16.247917
1878,98.313911,16.247917
1879,98.540192,16.247917
1880,98.766464,16.247917
1881,98.992744,16.247917
1882,99.219017,16.247917
1883,99.445297,16.247917
1884,99.671577,16.247917
1885,99.89785,16.247917
1886,100.12413,16.247917
1887,100.350403,16.247917
1888,100.576683,16.247917
1889,100.802956,16.247917
1890,101.029236,16.247917
1891,101.255516,16.247917
1892,101.481789,16.247917
1893,101.708069,16.247917
1894,101.934341,16.247917
1895,102.160622,16.247917
1896,102.386894,16.247917
1897,102.613174,16.247917
1898,102.839447,16.247917
1899,103.065727,16.247917
1900,103.292007,16.247917
1901,103.51828,16.247917
1902,103.74456,16.247917
1903,103.970833,16.247917
1904,104.197113,16.247917
1905,104.423386,16.247917
1906,104.649666,16.247917
1907,104.875938,16.247917
1908,105.102219,16.247917
1909,105.328499,16.247917
1910,105.554771,16.247917
1911,105.781052,16.247917
1912,97.182526,16.465036
1913,97.408806,16.465036
1914,97.635086,16.465036
1915,97.861359,16.465036
1916,98.087639,16.465036
1917,98.313911,16.465036
1918,98.540192,16.465036
1919,98.766464,16.465036
1920,98.992744,16.465036
1921,99.219017,16.465036
1922,99.445297,16.465036
1923,99.671577,16.465036
1924,99.89785,16.465036
1925,100.12413,16.465036
1926,100.350403,16.465036
1927,100.576683,16.465036
1928,100.802956,16.465036
1929,101.029236,16.465036
1930,101.255516,16.465036
1931,101.481789,16.465036
1932,101.708069,16.465036
1933,101.934341,16.465036
1934,102.160622,16.465036
1935,102.386894,16.465036
1936,102.613174,16.465036
1937,102.839447,16.465036
1938,103.065727,16.465036
1939,103.292007,16.465036
1940,103.51828,16.465036
1941,103.74456,16.465036
1942,103.970833,16.465036
1943,104.197113,16.465036
1944,104.423386,16.465036
1945,104.649666,16.465036
1946,104.875938,16.465036
1947,105.102219,16.465036
1948,105.328499,16.465036
1949,105.554771,16.465036
1950,105.781052,16.465036
1951,97.182526,16.681911
1952,97.408806,16.681911
1953,97.635086,16.681911
1954,97.861359,16.681911
1955,98.087639,16.681911
1956,98.313911,16.681911
1957,98.540192,16.681911
1958,98.766464,16.681911
1959,98.992744,16.681911
1960,99.219017,16.681911
1961,99.445297,16.681911
1962,99.671577,16.681911
1963,99.89785,16.681911
1964,100.12413,16.681911
1965,100.350403,16.681911
1966,100.576683,16.681911
1967,100.802956,16.681911
1968,101.029236,16.681911
1969,101.255516,16.681911
1970,101.481789,16.681911
1971,101.708069,16.681911
1972,101.934341,16.681911
1973,102.160622,16.681911
1974,102.386894,16.681911
1975,102.613174,16.681911
1976,102.839447,16.681911
1977,103.065727,16.681911
1978,103.292007,16.681911
1979,103.51828,16.681911
1980,103.74456,16.681911
1981,103.970833,16.681911
1982,104.197113,16.681911
1983,104.423386,16.681911
1984,104.649666,16.681911
1985,104.875938,16.681911
1986,105.102219,16.681911
1987,105.328499,16.681911
1988,105.554771,16.681911
1989,105.781052,16.681911
1990,97.182526,16.898542
1991,97.408806,16.898542
1992,97.635086,16.898542
1993,97.861359,16.898542
1994,98.087639,16.898542
1995,98.313911,16.898542
1996,98.540192,16.898542
1997,98.766464,16.898542
1998,98.992744,16.898542
1999,99.219017,16.898542
2000,99.445297,16.898542
2001,99.671577,16.898542
2002,99.89785,16.898542
2003,100.12413,16.898542
2004,100.350403,16.898542
2005,100.576683,16.898542
2006,100.802956,16.898542
2007,101.029236,16.898542
2008,101.255516,16.898542
2009,101.481789,16.898542
2010,101.708069,16.898542
2011,101.934341,16.898542
2012,102.160622,16.898542
2013,102.386894,16.898542
2014,102.613174,16.898542
2015,102.839447,16.898542
2016,103.065727,16.898542
2017,103.292007,16.898542
2018,103.51828,16.898542
2019,103.74456,16.898542
2020,103.970833,16.898542
2021,104.197113,16.898542
2022,104.423386,16.898542
2023,104.649666,16.898542
2024,104.875938,16.898542
2025,105.102219,16.898542
2026,105.328499,16.898542
2027,105.554771,16.898542
2028,105.781052,16.898542
2029,97.182526,17.114923
2030,97.408806,17.114923
2031,97.635086,17.114923
2032,97.861359,17.114923
2033,98.087639,17.114923
2034,98.313911,17.114923
2035,98.540192,17.114923
2036,98.766464,17.114923
2037,98.992744,17.114923
2038,99.219017,17.114923
2039,99.445297,17.114923
2040,99.671577,17.114923
2041,99.89785,17.114923
2042,100.12413,17.114923
2043,100.350403,17.114923
2044,100.576683,17.114923
2045,100.802956,17.114923
2046,101.029236,17.114923
2047,101.255516,17.114923
2048,101.481789,17.114923
2049,101.708069,17.114923
2050,101.934341,17.114923
2051,102.160622,17.114923
2052,102.386894,17.114923
2053,102.613174,17.114923
2054,102.839447,17.114923
2055,103.065727,17.114923
2056,103.292007,17.114923
2057,103.51828,17.114923
2058,103.74456,17.114923
2059,103.970833,17.114923
2060,104.197113,17.114923
2061,104.423386,17.114923
2062,104.649666,17.114923
2063,104.875938,17.114923
2064,105.102219,17.114923
2065,105.328499,17.114923
2066,105.554771,17.114923
2067,105.781052,17.114923
2068,97.182526,17.331055
2069,97.408806,17.331055
2070,97.635086,17.331055
2071,97.861359,17.331055
2072,98.087639,17.331055
2073,98.313911,17.331055
2074,98.540192,17.331055
2075,98.766464,17.331055
2076,98.992744,17.331055
2077,99.219017,17.331055
2078,99.445297,17.331055
2079,99.671577,17.331055
2080,99.89785,17.331055
2081,100.12413,17.331055
2082,100.350403,17.331055
2083,100.576683,17.331055
2084,100.802956,17.331055
2085,101.029236,17.331055
2086,101.255516,17.331055
2087,101.481789,17.331055
2088,101.708069,17.331055
2089,101.934341,17.331055
2090,102.160622,17.331055
2091,102.386894,17.331055
2092,102.613174,17.331055
2093,102.839447,17.331055
2094,103.065727,17.331055
2095,103.292007,17.331055
2096,103.51828,17.331055
2097,103.74456,17.331055
2098,103.970833,17.331055
2099,104.197113,17.331055
2100,104.423386,17.331055
2101,104.649666,17.331055
2102,104.875938,17.331055
2103,105.102219,17.331055
2104,105.328499,17.331055
2105,105.554771,17.331055
2106,105.781052,17.331055
2107,97.182526,17.54693
2108,97.408806,17.54693
2109,97.635086,17.54693
2110,97.861359,17.54693
2111,98.087639,17.54693
2112,98.313911,17.54693
2113,98.540192,17.54693
2114,98.766464,17.54693
2115,98.992744,17.54693
2116,99.219017,17.54693
2117,99.445297,17.54693
2118,99.671577,17.54693
2119,99.89785,17.54693
2120,100.12413,17.54693
2121,100.350403,17.54693
2122,100.576683,17.54693
2123,100.802956,17.54693
2124,101.029236,17.54693
2125,101.255516,17.54693
2126,101.481789,17.54693
2127,101.708069,17.54693
2128,101.934341,17.54693
2129,102.160622,17.54693
2130,102.386894,17.54693
2131,102.613174,17.54693
2132,102.839447,17.54693
2133,103.065727,17.54693
2134,103.292007,17.54693
2135,103.51828,17.54693
2136,103.74456,17.54693
2137,103.970833,17.54693
2138,104.197113,17.54693
2139,104.423386,17.54693
2140,104.649666,17.54693
2141,104.875938,17.54693
2142,105.102219,17.54693
2143,105.328499,17.54693
2144,105.554771,17.54693
2145,105.781052,17.54693
2146,97.182526,17.76255
2147,97.408806,17.76255
2148,97.635086,17.76255
2149,97.861359,17.76255
2150,98.087639,17.76255
2151,98.313911,17.76255
2152,98.540192,17.76255
2153,98.766464,17.76255
2154,98.992744,17.76255
2155,99.219017,17.76255
2156,99.445297,17.76255
2157,99.671577,17.76255
2158,99.89785,17.76255
2159,100.12413,17.76255
2160,100.350403,17.76255
2161,100.576683,17.76255
2162,100.802956,17.76255
2163,101.029236,17.76255
2164,101.255516,17.76255
2165,101.481789,17.76255
2166,101.708069,17.76255
2167,101.934341,17.76255
2168,102.160622,17.76255
2169,102.386894,17.76255
2170,102.613174,17.76255
2171,102.839447,17.76255
2172,103.065727,17.76255
2173,103.292007,17.76255
2174,103.51828,17.76255
2175,103.74456,17.76255
2176,103.970833,17.76255
2177,104.197113,17.76255
2178,104.423386,17.76255
2179,104.649666,17.76255
2180,104.875938,17.76255
2181,105.102219,17.76255
2182,105.328499,17.76255
2183,105.554771,17.76255
2184,105.781052,17.76255
2185,97.182526,17.977909
2186,97.408806,17.977909
2187,97.635086,17.977909
2188,97.861359,17.977909
2189,98.087639,17.977909
2190,98.313911,17.977909
2191,98.540192,17.977909
2192,98.766464,17.977909
2193,98.992744,17.977909
2194,99.219017,17.977909
2195,99.445297,17.977909
2196,99.671577,17.977909
2197,99.89785,17.977909
2198,100.12413,17.977909
2199,100.350403,17.977909
2200,100.576683,17.977909
2201,100.802956,17.977909
2202,101.029236,17.977909
2203,101.255516,17.977909
2204,101.481789,17.977909
2205,101.708069,17.977909
2206,101.934341,17.977909
2207,102.160622,17.977909
2208,102.386894,17.977909
2209,102.613174,17.977909
2210,102.839447,17.977909
2211,103.065727,17.977909
2212,103.292007,17.977909
2213,103.51828,17.977909
2214,103.74456,17.977909
2215,103.970833,17.977909
2216,104.197113,17.977909
2217,104.423386,17.977909
2218,104.649666,17.977909
2219,104.875938,17.977909
2220,105.102219,17.977909
2221,105.328499,17.977909
2222,105.554771,17.977909
2223,105.781052,17.977909
2224,97.182526,18.193007
2225,97.408806,18.193007
2226,97.635086,18.193007
2227,97.861359,18.193007
2228,98.087639,18.193007
2229,98.313911,18.193007
2230,98.540192,18.193007
2231,98.766464,18.193007
2232,98.992744,18.193007
2233,99.219017,18.193007
2234,99.445297,18.193007
2235,99.671577,18.193007
2236,99.89785,18.193007
2237,100.12413,18.193007
2238,100.350403,18.193007
2239,100.576683,18.193007
2240,100.802956,18.193007
2241,101.029236,18.193007
2242,101.255516,18.193007
2243,101.481789,18.193007
2244,101.708069,18.193007
2245,101.934341,18.193007
2246,102.160622,18.193007
2247,102.386894,18.193007
2248,102.613174,18.193007
2249,102.839447,18.193007
2250,103.065727,18.193007
2251,103.292007,18.193007
2252,103.51828,18.193007
2253,103.74456,18.193007
2254,103.970833,18.193007
2255,104.197113,18.193007
2256,104.423386,18.193007
2257,104.649666,18.193007
2258,104.875938,18.193007
2259,105.102219,18.193007
2260,105.328499,18.193007
2261,105.554771,18.193007
2262,105.781052,18.193007
2263,97.182526,18.407839
2264,97.408806,18.407839
2265,97.635086,18.407839
2266,97.861359,18.407839
2267,98.087639,18.407839
2268,98.313911,18.407839
2269,98.540192,18.407839
2270,98.766464,18.407839
2271,98.992744,18.407839
2272,99.219017,18.407839
2273,99.445297,18.407839
2274,99.671577,18.407839
2275,99.89785,18.407839
2276,100.12413,18.407839
2277,100.350403,18.407839
2278,100.576683,18.407839
2279,100.802956,18.407839
2280,101.029236,18.407839
2281,101.255516,18.407839
2282,101.481789,18.407839
2283,101.708069,18.407839
2284,101.934341,18.407839
2285,102.160622,18.407839
2286,102.386894,18.407839
2287,102.613174,18.407839
2288,102.839447,18.407839
2289,103.065727,18.407839
2290,103.292007,18.407839
2291,103.51828,18.407839
2292,103.74456,18.407839
2293,103.970833,18.407839
2294,104.197113,18.407839
2295,104.423386,18.407839
2296,104.649666,18.407839
2297,104.875938,18.407839
2298,105.102219,18.407839
2299,105.328499,18.407839
2300,105.554771,18.407839
2301,105.781052,18.407839
2302,97.182526,18.622404
2303,97.408806,18.622404
2304,97.635086,18.622404
2305,97.861359,18.622404
2306,98.087639,18.622404
2307,98.313911,18.622404
2308,98.540192,18.622404
2309,98.766464,18.622404
2310,98.992744,18.622404
2311,99.219017,18.622404
2312,99.445297,18.622404
2313,99.671577,18.622404
2314,99.89785,18.622404
2315,100.12413,18.622404
2316,100.350403,18.622404
2317,100.576683,18.622404
2318,100.802956,18.622404
2319,101.029236,18.622404
2320,101.255516,18.622404
2321,101.481789,18.622404
2322,101.708069,18.622404
2323,101.934341,18.622404
2324,102.160622,18.622404
2325,102.386894,18.622404
2326,102.613174,18.622404
2327,102.839447,18.622404
2328,103.065727,18.622404
2329,103.292007,18.622404
2330,103.51828,18.622404
2331,103.74456,18.622404
2332,103.970833,18.622404
2333,104.197113,18.622404
2334,104.423386,18.622404
2335,104.649666,18.622404
2336,104.875938,18.622404
2337,105.102219,18.622404
2338,105.328499,18.622404
2339,105.554771,18.622404
2340,105.781052,18.622404
2341,97.182526,18.836699
2342,97.408806,18.836699
2343,97.635086,18.836699
2344,97.861359,18.836699
2345,98.087639,18.836699
2346,98.313911,18.836699
2347,98.540192,18.836699
2348,98.766464,18.836699
2349,98.992744,18.836699
2350,99.219017,18.836699
2351,99.445297,18.836699
2352,99.671577,18.836699
2353,99.89785,18.836699
2354,100.12413,18.836699
2355,100.350403,18.836699
2356,100.576683,18.836699
2357,100.802956,18.836699
2358,101.029236,18.836699
2359,101.255516,18.836699
2360,101.481789,18.836699
2361,101.708069,18.836699
2362,101.934341,18.836699
2363,102.160622,18.836699
2364,102.386894,18.836699
2365,102.613174,18.836699
2366,102.839447,18.836699
2367,103.065727,18.836699
2368,103.292007,18.836699
2369,103.51828,18.836699
2370,103.74456,18.836699
2371,103.970833,18.836699
2372,104.197113,18.836699
2373,104.423386,18.836699
2374,104.649666,18.836699
2375,104.875938,18.836699
2376,105.102219,18.836699
2377,105.328499,18.836699
2378,105.554771,18.836699
2379,105.781052,18.836699
2380,97.182526,19.05072
2381,97.408806,19.05072
2382,97.635086,19.05072
2383,97.861359,19.05072
2384,98.087639,19.05072
2385,98.313911,19.05072
2386,98.540192,19.05072
2387,98.766464,19.05072
2388,98.992744,19.05072
2389,99.219017,19.05072
2390,99.445297,19.05072
2391,99.671577,19.05072
2392,99.89785,19.05072
2393,100.12413,19.05072
2394,100.350403,19.05072
2395,100.576683,19.05072
2396,100.802956,19.05072
2397,101.029236,19.05072
2398,101.255516,19.05072
2399,101.481789,19.05072
2400,101.708069,19.05072
2401,101.934341,19.05072
2402,102.160622,19.05072
2403,102.386894,19.05072
2404,102.613174,19.05072
2405,102.839447,19.05072
2406,103.065727,19.05072
2407,103.292007,19.05072
2408,103.51828,19.05072
2409,103.74456,19.05072
2410,103.970833,19.05072
2411,104.197113,19.05072
2412,104.423386,19.05072
2413,104.649666,19.05072
2414,104.875938,19.05072
2415,105.102219,19.05072
2416,105.328499,19.05072
2417,105.554771,19.05072
2418,105.781052,19.05072
2419,97.182526,19.264465
2420,97.408806,19.264465
2421,97.635086,19.264465
2422,97.861359,19.264465
2423,98.087639,19.264465
2424,98.313911,19.264465
2425,98.540192,19.264465
2426,98.766464,19.264465
2427,98.992744,19.264465
2428,99.219017,19.264465
2429,99.445297,19.264465
2430,99.671577,19.264465
2431,99.89785,19.264465
2432,100.12413,19.264465
2433,100.350403,19.264465
2434,100.576683,19.264465
2435,100.802956,19.264465
2436,101.029236,19.264465
2437,101.255516,19.264465
2438,101.481789,19.264465
2439,101.708069,19.264465
2440,101.934341,19.264465
2441,102.160622,19.264465
2442,102.386894,19.264465
2443,102.613174,19.264465
2444,102.839447,19.264465
2445,103.065727,19.264465
2446,103.292007,19.264465
2447,103.51828,19.264465
2448,103.74456,19.264465
2449,103.970833,19.264465
2450,104.197113,19.264465
2451,104.423386,19.264465
2452,104.649666,19.264465
2453,104.875938,19.264465
2454,105.102219,19.264465
2455,105.328499,19.264465
2456,105.554771,19.264465
2457,105.781052,19.264465
2458,97.182526,19.477932
2459,97.408806,19.477932
2460,97.635086,19.477932
2461,97.861359,19.477932
2462,98.087639,19.477932
2463,98.313911,19.477932
2464,98.540192,19.477932
2465,98.766464,19.477932
2466,98.992744,19.477932
2467,99.219017,19.477932
2468,99.445297,19.477932
2469,99.671577,19.477932
2470,99.89785,19.477932
2471,100.12413,19.477932
2472,100.350403,19.477932
2473,100.576683,19.477932
2474,100.802956,19.477932
2475,101.029236,19.477932
2476,101.255516,19.477932
2477,101.481789,19.477932
2478,101.708069,19.477932
2479,101.934341,19.477932
2480,102.160622,19.477932
2481,102.386894,19.477932
2482,102.613174,19.477932
2483,102.839447,19.477932
2484,103.065727,19.477932
2485,103.292007,19.477932
2486,103.51828,19.477932
2487,103.74456,19.477932
2488,103.970833,19.477932
2489,104.197113,19.477932
2490,104.423386,19.477932
2491,104.649666,19.477932
2492,104.875938,19.477932
2493,105.102219,19.477932
2494,105.328499,19.477932
2495,105.554771,19.477932
2496,105.781052,19.477932
2497,97.182526,19.691118
2498,97.408806,19.691118
2499,97.635086,19.691118
2500,97.861359,19.691118
2501,98.087639,19.691118
2502,98.313911,19.691118
2503,98.540192,19.691118
2504,98.766464,19.691118
2505,98.992744,19.691118
2506,99.219017,19.691118
2507,99.445297,19.691118
2508,99.671577,19.691118
2509,99.89785,19.691118
2510,100.12413,19.691118
2511,100.350403,19.691118
2512,100.576683,19.691118
2513,100.802956,19.691118
2514,101.029236,19.691118
2515,101.255516,19.691118
2516,101.481789,19.691118
2517,101.708069,19.691118
2518,101.934341,19.691118
2519,102.160622,19.691118
2520,102.386894,19.691118
2521,102.613174,19.691118
2522,102.839447,19.691118
2523,103.065727,19.691118
2524,103.292007,19.691118
2525,103.51828,19.691118
2526,103.74456,19.691118
2527,103.970833,19.691118
2528,104.197113,19.691118
2529,104.423386,19.691118
2530,104.649666,19.691118
2531,104.875938,19.691118
2532,105.102219,19.691118
2533,105.328499,19.691118
2534,105.554771,19.691118
2535,105.781052,19.691118
2536,97.182526,19.90402
2537,97.408806,19.90402
2538,97.635086,19.90402
2539,97.861359,19.90402
2540,98.087639,19.90402
2541,98.313911,19.90402
2542,98.540192,19.90402
2543,98.766464,19.90402
2544,98.992744,19.90402
2545,99.219017,19.90402
2546,99.445297,19.90402
2547,99.671577,19.90402
2548,99.89785,19.90402
2549,100.12413,19.90402
2550,100.350403,19.90402
2551,100.576683,19.90402
2552,100.802956,19.90402
2553,101.029236,19.90402
2554,101.255516,19.90402
2555,101.481789,19.90402
2556,101.708069,19.90402
2557,101.934341,19.90402
2558,102.160622,19.90402
2559,102.386894,19.90402
2560,102.613174,19.90402
2561,102.839447,19.90402
2562,103.065727,19.90402
2563,103.292007,19.90402
2564,103.51828,19.90402
2565,103.74456,19.90402
2566,103.970833,19.90402
2567,104.197113,19.90402
2568,104.423386,19.90402
2569,104.649666,19.90402
2570,104.875938,19.90402
2571,105.102219,19.90402
2572,105.328499,19.90402
2573,105.554771,19.90402
2574,105.781052,19.90402
2575,97.182526,20.116636
2576,97.408806,20.116636
2577,97.635086,20.116636
2578,97.861359,20.116636
2579,98.087639,20.116636
2580,98.313911,20.116636
2581,98.540192,20.116636
2582,98.766464,20.116636
2583,98.992744,20.116636
2584,99.219017,20.116636
2585,99.445297,20.116636
2586,99.671577,20.116636
2587,99.89785,20.116636
2588,100.12413,20.116636
2589,100.350403,20.116636
2590,100.576683,20.116636
2591,100.802956,20.116636
2592,101.029236,20.116636
2593,101.255516,20.116636
2594,101.481789,20.116636
2595,101.708069,20.116636
2596,101.934341,20.116636
2597,102.160622,20.116636
2598,102.386894,20.116636
2599,102.613174,20.116636
2600,102.839447,20.116636
2601,103.065727,20.116636
2602,103.292007,20.116636
2603,103.51828,20.116636
2604,103.74456,20.116636
2605,103.970833,20.116636
2606,104.197113,20.116636
2607,104.423386,20.116636
2608,104.649666,20.116636
2609,104.875938,20.116636
2610,105.102219,20.116636
2611,105.328499,20.116636
2612,105.554771,20.116636
2613,105.781052,20.116636
2614,97.182526,20.328964
2615,97.408806,20.328964
2616,97.635086,20.328964
2617,97.861359,20.328964
2618,98.087639,20.328964
2619,98.313911,20.328964
2620,98.540192,20.328964
2621,98.766464,20.328964
2622,98.992744,20.328964
2623,99.219017,20.328964
2624,99.445297,20.328964
2625,99.671577,20.328964
2626,99.89785,20.328964
2627,100.12413,20.328964
2628,100.350403,20.328964
2629,100.576683,20.328964
2630,100.802956,20.328964
2631,101.029236,20.328964
2632,101.255516,20.328964
2633,101.481789,20.328964
2634,101.708069,20.328964
2635,101.934341,20.328964
2636,102.160622,20.328964
2637,102.386894,20.328964
2638,102.613174,20.328964
2639,102.839447,20.328964
2640,103.065727,20.328964
2641,103.292007,20.328964
2642,103.51828,20.328964
2643,103.74456,20.328964
2644,103.970833,20.328964
2645,104.197113,20.328964
2646,104.423386,20.328964
2647,104.649666,20.328964
2648,104.875938,20.328964
2649,105.102219,20.328964
2650,105.328499,20.328964
2651,105.554771,20.328964
2652,105.781052,20.328964
2653,97.182526,20.541002
2654,97.408806,20.541002
2655,97.635086,20.541002
2656,97.861359,20.541002
2657,98.087639,20.541002
2658,98.313911,20.541002
2659,98.540192,20.541002
2660,98.766464,20.541002
2661,98.992744,20.541002
2662,99.219017,20.541002
2663,99.445297,20.541002
2664,99.671577,20.541002
2665,99.89785,20.541002
2666,100.12413,20.541002
2667,100.350403,20.541002
2668,100.576683,20.541002
2669,100.802956,20.541002
2670,101.029236,20.541002
2671,101.255516,20.541002
2672,101.481789,20.541002
2673,101.708069,20.541002
2674,101.934341,20.541002
2675,102.160622,20.541002
2676,102.386894,20.541002
2677,102.613174,20.541002
2678,102.839447,20.541002
2679,103.065727,20.541002
2680,103.292007,20.541002
2681,103.51828,20.541002
2682,103.74456,20.541002
2683,103.970833,20.541002
2684,104.197113,20.541002
2685,104.423386,20.541002
2686,104.649666,20.541002
2687,104.875938,20.541002
2688,105.102219,20.541002
2689,105.328499,20.541002
2690,105.554771,20.541002
2691,105.781052,20.541002
2692,97.182526,20.752745
2693,97.408806,20.752745
2694,97.635086,20.752745
2695,97.861359,20.752745
2696,98.087639,20.752745
2697,98.313911,20.752745
2698,98.540192,20.752745
2699,98.766464,20.752745
2700,98.992744,20.752745
2701,99.219017,20.752745
2702,99.445297,20.752745
2703,99.671577,20.752745
2704,99.89785,20.752745
2705,100.12413,20.752745
2706,100.350403,20.752745
2707,100.576683,20.752745
2708,100.802956,20.752745
2709,101.029236,20.752745
2710,101.255516,20.752745
2711,101.481789,20.752745
2712,101.708069,20.752745
2713,101.934341,20.752745
2714,102.160622,20.752745
2715,102.386894,20.752745
2716,102.613174,20.752745
2717,102.839447,20.752745
2718,103.065727,20.752745
2719,103.292007,20.752745
2720,103.51828,20.752745
2721,103.74456,20.752745
2722,103.970833,20.752745
2723,104.197113,20.752745
2724,104.423386,20.752745
2725,104.649666,20.752745
2726,104.875938,20.752745
2727,105.102219,20.752745
2728,105.328499,20.752745
2729,105.554771,20.752745
2730,105.781052,20.752745